last_access,filepath,Size_GB
2018-09-14,VVVP_NFS_186VOL01,8.128504307
2018-09-15,VVVP_NFS_186VOL01,34.36893811500001
2018-10-02,VVVP_NFS_186VOL01,5.083165472000001
2018-10-03,VVVP_NFS_186VOL01,13.099441856
2018-10-04,VVVP_NFS_186VOL01,10.050300227000013
2018-10-05,VVVP_NFS_186VOL01,11.46567500600001
2018-10-06,VVVP_NFS_186VOL01,15.013286297999993
2018-10-07,VVVP_NFS_186VOL01,14.602477740000008
2018-10-08,VVVP_NFS_186VOL01,9.424000171
2018-10-09,VVVP_NFS_186VOL01,27.647667608999964
2018-10-10,VVVP_NFS_186VOL01,15.892806676
2018-10-11,VVVP_NFS_186VOL01,19.95579410699997
2018-10-12,VVVP_NFS_186VOL01,14.664402602000001
2018-10-13,VVVP_NFS_186VOL01,15.643642064000002
2018-10-14,VVVP_NFS_186VOL01,14.920118507000002
2018-10-15,VVVP_NFS_186VOL01,15.702239309999996
2018-10-16,VVVP_NFS_186VOL01,29.46582831300003
2018-10-17,VVVP_NFS_186VOL01,15.500966401999994
2018-10-18,VVVP_NFS_186VOL01,14.411508939999997
2018-10-19,VVVP_NFS_186VOL01,6.2494827289999995
2018-10-20,VVVP_NFS_186VOL01,9.500285980000005
2018-10-21,VVVP_NFS_186VOL01,11.342252624000007
2018-10-22,VVVP_NFS_186VOL01,13.758579781999991
2018-10-23,VVVP_NFS_186VOL01,23.465238104999997
2018-10-24,VVVP_NFS_186VOL01,12.720640466999988
2018-10-25,VVVP_BRIC9_VOL01,5.293136790000001
2018-10-25,VVVP_NFS_186VOL01,17.606007881000004
2018-10-26,VVVP_BRIC9_VOL01,8.251944043
2018-10-26,VVVP_NFS_186VOL01,5.800582989000002
2018-10-27,VVVP_BRIC9_VOL01,10.067857861999997
2018-10-27,VVVP_NFS_186VOL01,7.914396812000004
2018-10-28,VVVP_BRIC9_VOL01,10.807238299000002
2018-10-28,VVVP_NFS_186VOL01,2.7396512790000003
2018-10-29,VVVP_BRIC9_VOL01,16.954081536000007
2018-10-29,VVVP_NFS_186VOL01,5.969080039
2018-10-30,VVVP_BRIC9_VOL01,16.204908934999988
2018-10-30,VVVP_NFS_186VOL01,1.2106186760000004
2018-10-31,VVVP_BRIC9_VOL01,15.191319468000016
2018-10-31,VVVP_NFS_186VOL01,0.28917806600000007
2018-11-01,VVVP_BRIC9_VOL01,7.625300305000003
2018-11-02,VVVP_BRIC9_VOL01,23.675610950000014
2018-11-02,VVVP_NFS_186VOL01,0.41148352899999996
2018-11-03,VVVP_BRIC9_VOL01,7.259796630000001
2018-11-04,VVVP_BRIC9_VOL01,5.404429679
2018-11-04,VVVP_NFS_186VOL01,0.09387084200000001
2018-11-05,VVVP_BRIC9_VOL01,17.160164485000003
2018-11-05,VVVP_NFS_186VOL01,0.580641258
2018-11-06,VVVP_BRIC9_VOL01,17.561952347000016
2018-11-06,VVVP_NFS_186VOL01,0.26889056100000003
2018-11-07,VVVP_BRIC9_VOL01,18.730244109999987
2018-11-07,VVVP_NFS_186VOL01,0.20709190700000002
2018-11-08,VVVP_BRIC9_VOL01,6.527608142
2018-11-08,VVVP_NFS_186VOL01,0.054676014999999994
2018-11-09,VVVP_BRIC9_VOL01,9.283797663000003
2018-11-09,VVVP_NFS_186VOL01,0.373886349
2018-11-10,VVVP_BRIC9_VOL01,10.820729626000004
2018-11-10,VVVP_NFS_186VOL01,4.909295415999999
2018-11-11,VVVP_BRIC9_VOL01,8.881338526999995
2018-11-12,VVVP_BRIC9_VOL01,10.808773220999983
2018-11-12,VVVP_NFS_186VOL01,1.8718756909999996
2018-11-13,VVVP_BRIC9_VOL01,27.672739186999994
2018-11-13,VVVP_NFS_186VOL01,1.3193142889999998
2018-11-14,VVVP_BRIC9_VOL01,10.000409287000004
2018-11-14,VVVP_NFS_186VOL01,0.7018575909999999
2018-11-15,VVVP_BRIC9_VOL01,14.421515801999995
2018-11-15,VVVP_NFS_186VOL01,1.295115911
2018-11-16,VVVP_BRIC9_VOL01,42.74525984000001
2018-11-16,VVVP_NFS_186VOL01,0.6589964229999999
2018-11-17,VVVP_BRIC9_VOL01,10.451991717999991
2018-11-17,VVVP_NFS_186VOL01,0.061273913
2018-11-18,VVVP_BRIC9_VOL01,8.447655525000002
2018-11-18,VVVP_NFS_186VOL01,0.157525844
2018-11-19,VVVP_BRIC9_VOL01,25.140998574
2018-11-19,VVVP_NFS_186VOL01,0.34525542900000006
2018-11-20,VVVP_BRIC9_VOL01,20.41676312900003
2018-11-20,VVVP_NFS_186VOL01,1.8912985500000004
2018-11-21,VVVP_BRIC9_VOL01,16.392516721000003
2018-11-21,VVVP_NFS_186VOL01,1.9064989500000005
2018-11-22,VVVP_BRIC9_VOL01,24.746158977999997
2018-11-22,VVVP_NFS_186VOL01,3.911114674999998
2018-11-23,VVVP_BRIC9_VOL01,47.121641526999994
2018-11-23,VVVP_NFS_186VOL01,2.623533875
2018-11-24,VVVP_BRIC9_VOL01,28.149944636000033
2018-11-24,VVVP_NFS_186VOL01,0.022500208
2018-11-25,VVVP_BRIC9_VOL01,33.448622007999965
2018-11-25,VVVP_NFS_186VOL01,1.062666798
2018-11-26,VVVP_BRIC9_VOL01,40.759569034
2018-11-26,VVVP_NFS_186VOL01,5.160185091200001
2018-11-27,VVVP_BRIC9_VOL01,37.40814083499997
2018-11-27,VVVP_NFS_186VOL01,0.4769185877035001
2018-11-28,VVVP_BRIC9_VOL01,39.460681827000045
2018-11-28,VVVP_NFS_186VOL01,1.4826782139999999
2018-11-29,VVVP_BRIC9_VOL01,40.111829287999974
2018-11-29,VVVP_NFS_186VOL01,0.072017638
2018-11-30,VVVP_BRIC9_VOL01,30.135907077000006
2018-11-30,VVVP_NFS_186VOL01,0.4218324
2018-12-01,VVVP_BRIC9_VOL01,17.268766385000003
2018-12-01,VVVP_NFS_186VOL01,0.10320178600000002
2018-12-02,VVVP_BRIC9_VOL01,25.018962172999966
2018-12-02,VVVP_NFS_186VOL01,0.079153371
2018-12-03,VVVP_BRIC9_VOL01,61.41870409199995
2018-12-03,VVVP_NFS_186VOL01,1.4437587669999998
2018-12-04,VVVP_BRIC9_VOL01,38.74907080800001
2018-12-04,VVVP_NFS_186VOL01,1.6909856479999996
2018-12-05,VVVP_BRIC9_VOL01,74.65001716900012
2018-12-05,VVVP_NFS_186VOL01,0.841305407
2018-12-06,VVVP_BRIC9_VOL01,89.98439725639994
2018-12-06,VVVP_NFS_186VOL01,0.8434142010000002
2018-12-07,VVVP_BRIC9_VOL01,67.69242764500001
2018-12-07,VVVP_NFS_186VOL01,0.6724922259999999
2018-12-08,VVVP_BRIC9_VOL01,33.57112750199998
2018-12-08,VVVP_NFS_186VOL01,0.072221233
2018-12-08,VVVP_NFS_186VOL03,17.439070310999995
2018-12-09,VVVP_BRIC9_VOL01,14.722448031000003
2018-12-09,VVVP_NFS_186VOL01,0.26578238100000007
2018-12-09,VVVP_NFS_186VOL03,23.082888668999985
2018-12-10,VVVP_BRIC9_VOL01,14.268521038999998
2018-12-10,VVVP_NFS_186VOL01,0.396960465
2018-12-10,VVVP_NFS_186VOL03,41.25574452299997
2018-12-11,VVVP_BRIC9_VOL01,7.279227437
2018-12-11,VVVP_NFS_186VOL01,0.2042422007
2018-12-11,VVVP_NFS_186VOL03,81.37859355599991
2018-12-12,VVVP_BRIC9_VOL01,12.251148771000006
2018-12-12,VVVP_NFS_186VOL03,68.91703240199989
2018-12-13,VVVP_BRIC9_VOL01,10.775289283
2018-12-13,VVVP_NFS_186VOL03,50.7813612220001
2018-12-14,VVVP_BRIC9_VOL01,0.22103070500000005
2018-12-14,VVVP_NFS_186VOL03,70.63338668400006
2018-12-15,VVVP_BRIC9_VOL01,0.5786503550000002
2018-12-15,VVVP_NFS_186VOL03,40.89491010399999
2018-12-16,VVVP_BRIC9_VOL01,5.331518284999999
2018-12-16,VVVP_NFS_186VOL01,0.107851378
2018-12-16,VVVP_NFS_186VOL03,51.58454313200006
2018-12-17,VVVP_BRIC9_VOL01,2.0466105780000006
2018-12-17,VVVP_NFS_186VOL01,0.200408436
2018-12-17,VVVP_NFS_186VOL03,60.92650784100004
2018-12-18,VVVP_BRIC9_VOL01,1.031132083
2018-12-18,VVVP_NFS_186VOL03,84.18795026299996
2018-12-19,VVVP_BRIC9_VOL01,2.8410417470000002
2018-12-19,VVVP_NFS_186VOL01,0.044789668
2018-12-19,VVVP_NFS_186VOL03,74.93832599599996
2018-12-20,VVVP_BRIC9_VOL01,4.200211224000001
2018-12-20,VVVP_NFS_186VOL01,0.189557363
2018-12-20,VVVP_NFS_186VOL03,79.82432079300018
2018-12-21,VVVP_BRIC9_VOL01,0.455451301
2018-12-21,VVVP_NFS_186VOL01,0.292720729
2018-12-21,VVVP_NFS_186VOL03,62.10328828100006
2018-12-22,VVVP_BRIC9_VOL01,0.638206066
2018-12-22,VVVP_NFS_186VOL01,0.367845281
2018-12-22,VVVP_NFS_186VOL03,48.971085187000014
2018-12-23,VVVP_BRIC9_VOL01,2.9065943430000005
2018-12-23,VVVP_NFS_186VOL03,48.14940386370353
2018-12-24,VVVP_BRIC9_VOL01,1.7968358969999993
2018-12-24,VVVP_NFS_186VOL01,0.5159910840000002
2018-12-24,VVVP_NFS_186VOL03,79.90580058030011
2018-12-25,VVVP_NFS_186VOL03,51.70350651500003
2018-12-26,VVVP_BRIC9_VOL01,3.0648747600000004
2018-12-26,VVVP_NFS_186VOL01,0.436258779
2018-12-26,VVVP_NFS_186VOL03,52.80388202799998
2018-12-27,VVVP_BRIC9_VOL01,3.3154589590000003
2018-12-27,VVVP_NFS_186VOL01,0.128773836
2018-12-27,VVVP_NFS_186VOL03,74.93236192100005
2018-12-28,VVVP_BRIC9_VOL01,0.296561154
2018-12-28,VVVP_NFS_186VOL01,0.075127599
2018-12-28,VVVP_NFS_186VOL03,68.13113546400002
2018-12-29,VVVP_BRIC9_VOL01,6.221715159999998
2018-12-29,VVVP_NFS_186VOL01,0.409315231
2018-12-29,VVVP_NFS_186VOL03,78.90226001199994
2018-12-30,VVVP_BRIC9_VOL01,3.854177863999999
2018-12-30,VVVP_NFS_186VOL03,46.808338969999866
2018-12-31,VVVP_BRIC9_VOL01,0.44708700200000007
2018-12-31,VVVP_NFS_186VOL03,69.51075976200002
2019-01-01,VVVP_BRIC9_VOL01,1.5381228110000003
2019-01-01,VVVP_NFS_186VOL01,0.037053712
2019-01-01,VVVP_NFS_186VOL03,59.13296294699995
2019-01-02,VVVP_BRIC9_VOL01,1.5889135820000004
2019-01-02,VVVP_NFS_186VOL01,0.08524260600000001
2019-01-02,VVVP_NFS_186VOL03,62.64419984799999
2019-01-03,VVVP_BRIC9_VOL01,2.0606125789999994
2019-01-03,VVVP_NFS_186VOL01,0.22906038899999998
2019-01-03,VVVP_NFS_186VOL03,92.50195309199992
2019-01-04,VVVP_BRIC9_VOL01,0.7483950579999998
2019-01-04,VVVP_NFS_186VOL03,91.47396314799988
2019-01-05,VVVP_BRIC9_VOL01,0.703499424
2019-01-05,VVVP_NFS_186VOL03,56.02183133899991
2019-01-06,VVVP_BRIC9_VOL01,0.129337331
2019-01-06,VVVP_NFS_186VOL03,42.77907165599992
2019-01-07,VVVP_BRIC9_VOL01,1.019074095
2019-01-07,VVVP_NFS_186VOL03,74.41697010800014
2019-01-08,VVVP_BRIC9_VOL01,0.9940191310000002
2019-01-08,VVVP_NFS_186VOL03,60.63314501199997
2019-01-09,VVVP_BRIC9_VOL01,1.0664194110000003
2019-01-09,VVVP_NFS_186VOL01,2.873879608000001
2019-01-09,VVVP_NFS_186VOL03,117.22316458099993
2019-01-10,VVVP_BRIC9_VOL01,0.5079409699999998
2019-01-10,VVVP_NFS_186VOL01,1.2229721729999998
2019-01-10,VVVP_NFS_186VOL03,48.596302004
2019-01-11,VVVP_BRIC9_VOL01,1.358639975
2019-01-11,VVVP_NFS_186VOL01,0.8688912519999998
2019-01-11,VVVP_NFS_186VOL03,129.174307067
2019-01-12,VVVP_BRIC9_VOL01,0.104082
2019-01-12,VVVP_NFS_186VOL03,37.53019462600005
2019-01-13,VVVP_NFS_186VOL03,61.40014890099986
2019-01-14,VVVP_BRIC9_VOL01,0.091765798
2019-01-14,VVVP_NFS_186VOL01,0.14457239200000002
2019-01-14,VVVP_NFS_186VOL03,55.70059424699999
2019-01-15,VVVP_BRIC9_VOL01,0.020945211
2019-01-15,VVVP_NFS_186VOL03,59.2196107340001
2019-01-16,VVVP_BRIC9_VOL01,0.6381628490000001
2019-01-16,VVVP_NFS_186VOL01,0.5227160000000001
2019-01-16,VVVP_NFS_186VOL03,50.65698962500004
2019-01-17,VVVP_BRIC9_VOL01,0.31489367599999996
2019-01-17,VVVP_NFS_186VOL03,70.34961758300008
2019-01-18,VVVP_BRIC9_VOL01,0.273095425
2019-01-18,VVVP_NFS_186VOL01,0.102203933
2019-01-18,VVVP_NFS_186VOL03,113.384876644
2019-01-18,VVVP_NFS_186VOL04,22.09914500899999
2019-01-19,VVVP_BRIC9_VOL01,1.101740927
2019-01-19,VVVP_NFS_186VOL01,0.036996991
2019-01-19,VVVP_NFS_186VOL03,18.251421339000014
2019-01-19,VVVP_NFS_186VOL04,55.619713451999985
2019-01-20,VVVP_BRIC9_VOL01,0.129987393
2019-01-20,VVVP_NFS_186VOL03,11.428467059000004
2019-01-20,VVVP_NFS_186VOL04,41.28607398800003
2019-01-21,VVVP_BRIC9_VOL01,0.501129063
2019-01-21,VVVP_NFS_186VOL01,0.018513103
2019-01-21,VVVP_NFS_186VOL03,8.707982687999998
2019-01-21,VVVP_NFS_186VOL04,80.147291179
2019-01-22,VVVP_BRIC9_VOL01,0.7683559320000001
2019-01-22,VVVP_NFS_186VOL03,11.055003113000012
2019-01-22,VVVP_NFS_186VOL04,80.29159195799986
2019-01-23,VVVP_BRIC9_VOL01,0.357752312
2019-01-23,VVVP_NFS_186VOL01,0.036595424
2019-01-23,VVVP_NFS_186VOL03,19.02117106699996
2019-01-23,VVVP_NFS_186VOL04,82.88234773099992
2019-01-24,VVVP_BRIC9_VOL01,2.6224496879999997
2019-01-24,VVVP_NFS_186VOL03,9.442815293000008
2019-01-24,VVVP_NFS_186VOL04,87.08925650700031
2019-01-25,VVVP_BRIC9_VOL01,0.788214075
2019-01-25,VVVP_NFS_186VOL01,0.09594623
2019-01-25,VVVP_NFS_186VOL03,5.9228076089999995
2019-01-25,VVVP_NFS_186VOL04,80.90583499799983
2019-01-26,VVVP_BRIC9_VOL01,0.523419445
2019-01-26,VVVP_NFS_186VOL03,6.435183819999998
2019-01-26,VVVP_NFS_186VOL04,59.032715980000035
2019-01-27,VVVP_BRIC9_VOL01,0.028423349
2019-01-27,VVVP_NFS_186VOL03,0.497738103
2019-01-27,VVVP_NFS_186VOL04,56.525838994000054
2019-01-28,VVVP_BRIC9_VOL01,1.48817352
2019-01-28,VVVP_NFS_186VOL01,0.016343536
2019-01-28,VVVP_NFS_186VOL03,2.7485488289999993
2019-01-28,VVVP_NFS_186VOL04,77.75793350300012
2019-01-29,VVVP_BRIC9_VOL01,0.7022488149999999
2019-01-29,VVVP_NFS_186VOL01,0.3652365079999999
2019-01-29,VVVP_NFS_186VOL03,7.2908196929999995
2019-01-29,VVVP_NFS_186VOL04,80.30813938999977
2019-01-30,VVVP_BRIC9_VOL01,1.0670313980000001
2019-01-30,VVVP_NFS_186VOL01,0.063199538
2019-01-30,VVVP_NFS_186VOL03,22.62630957200002
2019-01-30,VVVP_NFS_186VOL04,115.89536421700006
2019-01-31,VVVP_BRIC9_VOL01,0.6395882879999999
2019-01-31,VVVP_NFS_186VOL01,0.000414384
2019-01-31,VVVP_NFS_186VOL03,4.4276061239999995
2019-01-31,VVVP_NFS_186VOL04,67.77986784100007
2019-02-01,VVVP_BRIC9_VOL01,0.027717669
2019-02-01,VVVP_NFS_186VOL03,1.7372704010000004
2019-02-01,VVVP_NFS_186VOL04,60.93225532100002
2019-02-02,VVVP_BRIC9_VOL01,0.07514561
2019-02-02,VVVP_NFS_186VOL01,0.018054309
2019-02-02,VVVP_NFS_186VOL03,2.0042620199999996
2019-02-02,VVVP_NFS_186VOL04,50.05305831799998
2019-02-03,VVVP_BRIC9_VOL01,0.046453108
2019-02-03,VVVP_NFS_186VOL03,2.0320743609999994
2019-02-03,VVVP_NFS_186VOL04,43.55802875170351
2019-02-04,VVVP_BRIC9_VOL01,0.6792505579999999
2019-02-04,VVVP_NFS_186VOL01,0.172035396
2019-02-04,VVVP_NFS_186VOL03,1.9253455819999996
2019-02-04,VVVP_NFS_186VOL04,81.02142772199987
2019-02-05,VVVP_BRIC9_VOL01,0.256751592
2019-02-05,VVVP_NFS_186VOL03,3.2720693040000013
2019-02-05,VVVP_NFS_186VOL04,94.37814569460008
2019-02-06,VVVP_BRIC9_VOL01,0.076557077
2019-02-06,VVVP_NFS_186VOL01,0.009617246
2019-02-06,VVVP_NFS_186VOL03,0.6599893150000001
2019-02-06,VVVP_NFS_186VOL04,136.59112762399974
2019-02-07,VVVP_BRIC9_VOL01,0.4278015400000001
2019-02-07,VVVP_NFS_186VOL01,0.129557547
2019-02-07,VVVP_NFS_186VOL03,13.936909624000004
2019-02-07,VVVP_NFS_186VOL04,105.28100093899984
2019-02-08,VVVP_BRIC9_VOL01,1.2839815710000002
2019-02-08,VVVP_NFS_186VOL01,1.0076804050000001
2019-02-08,VVVP_NFS_186VOL03,2.022929325
2019-02-08,VVVP_NFS_186VOL04,109.36077602799982
2019-02-09,VVVP_BRIC9_VOL01,0.309738453
2019-02-09,VVVP_NFS_186VOL03,0.31995389300000004
2019-02-09,VVVP_NFS_186VOL04,80.2114158040001
2019-02-10,VVVP_NFS_186VOL01,0.018949266
2019-02-10,VVVP_NFS_186VOL03,0.44648615299999994
2019-02-10,VVVP_NFS_186VOL04,57.27884421299997
2019-02-11,VVVP_BRIC9_VOL01,0.192066001
2019-02-11,VVVP_NFS_186VOL01,0.062322898
2019-02-11,VVVP_NFS_186VOL03,1.345161722
2019-02-11,VVVP_NFS_186VOL04,91.21734799600009
2019-02-12,VVVP_BRIC9_VOL01,0.134442725
2019-02-12,VVVP_NFS_186VOL03,0.33594733900000007
2019-02-12,VVVP_NFS_186VOL04,180.0826486100001
2019-02-13,VVVP_BRIC9_VOL01,0.12269273800000002
2019-02-13,VVVP_NFS_186VOL01,0.24129932299999998
2019-02-13,VVVP_NFS_186VOL03,0.538531792
2019-02-13,VVVP_NFS_186VOL04,109.14448460970367
2019-02-14,VVVP_BRIC9_VOL01,0.142012616
2019-02-14,VVVP_NFS_186VOL03,0.6455174780000001
2019-02-14,VVVP_NFS_186VOL04,74.47490096699994
2019-02-15,VVVP_BRIC9_VOL01,0.207268774
2019-02-15,VVVP_NFS_186VOL01,0.037973598
2019-02-15,VVVP_NFS_186VOL03,5.681031957999998
2019-02-15,VVVP_NFS_186VOL04,86.09379982600011
2019-02-16,VVVP_BRIC9_VOL01,0.13401476199999998
2019-02-16,VVVP_NFS_186VOL01,0.10735321
2019-02-16,VVVP_NFS_186VOL03,0.9803502060000001
2019-02-16,VVVP_NFS_186VOL04,19.67318970200001
2019-02-17,VVVP_BRIC9_VOL01,0.24681719900000004
2019-02-17,VVVP_NFS_186VOL03,0.656731574
2019-02-17,VVVP_NFS_186VOL04,3.775154053
2019-02-18,VVVP_BRIC9_VOL01,0.388265352
2019-02-18,VVVP_NFS_186VOL01,1.368979203
2019-02-18,VVVP_NFS_186VOL03,5.107873028999999
2019-02-18,VVVP_NFS_186VOL04,26.173267993999975
2019-02-19,VVVP_BRIC9_VOL01,0.011806007
2019-02-19,VVVP_NFS_186VOL03,0.8058968619999999
2019-02-19,VVVP_NFS_186VOL04,13.267468472000006
2019-02-20,VVVP_BRIC9_VOL01,1.9651547640000004
2019-02-20,VVVP_NFS_186VOL03,2.497720169
2019-02-20,VVVP_NFS_186VOL04,65.52694312199998
2019-02-21,VVVP_BRIC9_VOL01,0.14315744600000002
2019-02-21,VVVP_NFS_186VOL01,0.084258873
2019-02-21,VVVP_NFS_186VOL03,2.856281764
2019-02-21,VVVP_NFS_186VOL04,84.45859678000008
2019-02-22,VVVP_BRIC9_VOL01,2.724366488999999
2019-02-22,VVVP_NFS_186VOL01,0.7679895589999999
2019-02-22,VVVP_NFS_186VOL03,3.8710906750000014
2019-02-22,VVVP_NFS_186VOL04,107.68117395099999
2019-02-23,VVVP_NFS_186VOL03,0.7970396340000001
2019-02-23,VVVP_NFS_186VOL04,53.23725493900001
2019-02-23,volume_number03,18.130438868
2019-02-24,VVVP_BRIC9_VOL01,0.13387767
2019-02-24,VVVP_NFS_186VOL03,2.651618471
2019-02-24,VVVP_NFS_186VOL04,6.917614976999995
2019-02-24,volume_number03,56.007118119
2019-02-25,VVVP_BRIC9_VOL01,2.8805590750000007
2019-02-25,VVVP_NFS_186VOL01,0.11901762399999999
2019-02-25,VVVP_NFS_186VOL03,2.2087771480000002
2019-02-25,VVVP_NFS_186VOL04,25.84696192200002
2019-02-25,volume_number03,91.90067864499994
2019-02-26,VVVP_BRIC9_VOL01,1.140095485
2019-02-26,VVVP_NFS_186VOL01,0.065407754
2019-02-26,VVVP_NFS_186VOL03,1.9522033970000001
2019-02-26,VVVP_NFS_186VOL04,8.585174779200003
2019-02-26,volume_number03,108.38444038899983
2019-02-27,VVVP_BRIC9_VOL01,0.378625702
2019-02-27,VVVP_NFS_186VOL01,0.003236163
2019-02-27,VVVP_NFS_186VOL03,0.15872123500000002
2019-02-27,VVVP_NFS_186VOL04,8.830334619000002
2019-02-27,volume_number03,95.88197821200004
2019-02-28,VVVP_BRIC9_VOL01,0.029269608
2019-02-28,VVVP_NFS_186VOL01,0.012588501
2019-02-28,VVVP_NFS_186VOL03,0.40861226
2019-02-28,VVVP_NFS_186VOL04,4.848613146000001
2019-02-28,volume_number03,91.7736426180001
2019-03-01,VVVP_BRIC9_VOL01,0.094653453
2019-03-01,VVVP_NFS_186VOL03,0.14581555000000004
2019-03-01,VVVP_NFS_186VOL04,9.953722418
2019-03-01,volume_number03,142.32039631800026
2019-03-02,VVVP_BRIC9_VOL01,0.024060335
2019-03-02,VVVP_NFS_186VOL01,0.009177389
2019-03-02,VVVP_NFS_186VOL03,0.504372619
2019-03-02,VVVP_NFS_186VOL04,1.4188463669999998
2019-03-02,volume_number03,101.40652587700018
2019-03-03,VVVP_BRIC9_VOL01,0.085029758
2019-03-03,VVVP_NFS_186VOL03,1.2739015662
2019-03-03,VVVP_NFS_186VOL04,1.8076492020000003
2019-03-03,volume_number03,86.56758408300006
2019-03-04,VVVP_BRIC9_VOL01,0.031212841999999998
2019-03-04,VVVP_NFS_186VOL03,0.221058563
2019-03-04,VVVP_NFS_186VOL04,2.277715836
2019-03-04,volume_number03,126.01682519399988
2019-03-05,VVVP_NFS_186VOL03,0.9770189979999999
2019-03-05,VVVP_NFS_186VOL04,1.372839957
2019-03-05,volume_number03,137.75445492799977
2019-03-06,VVVP_BRIC9_VOL01,0.28403554899999994
2019-03-06,VVVP_NFS_186VOL03,1.724564681
2019-03-06,VVVP_NFS_186VOL04,2.201716069999999
2019-03-06,volume_number03,174.59619717500004
2019-03-07,VVVP_BRIC9_VOL01,0.049583126000000005
2019-03-07,VVVP_NFS_186VOL03,0.340973308
2019-03-07,VVVP_NFS_186VOL04,3.297403588000001
2019-03-07,volume_number03,157.22532271100013
2019-03-08,volume_number03,126.76312664799983
2019-03-09,VVVP_NFS_186VOL03,0.027462716
2019-03-09,volume_number03,114.71281877300036
2019-03-10,volume_number03,80.96640487399995
2019-03-11,VVVP_NFS_186VOL04,0.121411744
2019-03-11,volume_number03,134.55242796899995
2019-03-12,volume_number03,151.59153984400004
2019-03-13,volume_number03,152.02653650700012
2019-03-14,volume_number03,134.77366528799993
2019-03-15,VVVP_NFS_186VOL01,0.016501358
2019-03-15,volume_number03,141.07173866400007
2019-03-16,volume_number03,92.63015432299984
2019-03-17,volume_number03,95.33477565100006
2019-03-18,volume_number03,82.25252538799984
2019-03-19,volume_number03,1.9260303250000002
2019-03-19,volume_number04,33.67962474000002
2019-03-20,VVVP_NFS_186VOL01,0.006746037
2019-03-20,volume_number03,1.5240931759999998
2019-03-20,volume_number04,131.6234458750002
2019-03-21,volume_number03,1.176157593
2019-03-21,volume_number04,151.48550755799965
2019-03-22,volume_number03,0.837812438
2019-03-22,volume_number04,153.3620444489999
2019-03-23,volume_number03,1.2499338409999998
2019-03-23,volume_number04,137.8196828800001
2019-03-24,volume_number03,0.21031847200000003
2019-03-24,volume_number04,112.2897742850003
2019-03-25,VVVP_NFS_186VOL03,0.00869611
2019-03-25,volume_number03,1.096715784
2019-03-25,volume_number04,151.78807312499987
2019-03-26,volume_number03,1.000543526
2019-03-26,volume_number04,172.95765440600053
2019-03-27,VVVP_NFS_186VOL01,0.043525004
2019-03-27,VVVP_NFS_186VOL04,0.6730507950000001
2019-03-27,volume_number03,0.07696138899999999
2019-03-27,volume_number04,154.1744947309999
2019-03-28,VVVP_NFS_186VOL01,0.004823056
2019-03-28,VVVP_NFS_186VOL04,0.080172094
2019-03-28,volume_number03,0.070852316
2019-03-28,volume_number04,162.81125293199983
2019-03-29,volume_number04,149.62658108700006
2019-03-30,volume_number04,141.57404460599983
2019-03-31,volume_number03,0.020947114
2019-03-31,volume_number04,123.06102528099998
2019-04-01,volume_number04,156.50739187499985
2019-04-02,volume_number03,0.291176672
2019-04-02,volume_number04,167.7321762810003
2019-04-03,VVVP_NFS_186VOL04,0.281162459
2019-04-03,volume_number04,133.22608689499975
2019-04-04,volume_number04,178.66131275099997
2019-04-05,VVVP_NFS_186VOL04,0.109186434
2019-04-05,volume_number04,163.6654024320007
2019-04-06,VVVP_NFS_186VOL03,42.140553945000015
2019-04-06,volume_number03,0.02314025
2019-04-06,volume_number04,70.80387073700012
2019-04-07,VVVP_NFS_186VOL03,0.06929157
2019-04-07,VVVP_NFS_186VOL04,0.21718573000000002
2019-04-07,volume_number04,108.04643295300012
2019-04-08,volume_number03,0.367656772
2019-04-08,volume_number04,164.44407433200067
2019-04-09,volume_number03,0.055286187
2019-04-09,volume_number04,177.7720712219999
2019-04-09,volume_number06,15.17666790399999
2019-04-10,volume_number04,0.2902329799999999
2019-04-10,volume_number06,100.57823649900023
2019-04-11,volume_number04,1.910846185
2019-04-11,volume_number06,165.74696015000006
2019-04-12,VVVP_NFS_186VOL01,0.280030636
2019-04-12,volume_number04,0.27817598499999996
2019-04-12,volume_number06,161.25906345399997
2019-04-13,volume_number03,0.016270431000000002
2019-04-13,volume_number06,239.92439059500086
2019-04-14,volume_number06,180.65723339700028
2019-04-15,volume_number04,0.198185075
2019-04-15,volume_number06,171.1270334790004
2019-04-16,VVVP_NFS_186VOL01,0.007042347000000003
2019-04-16,volume_number04,1.3739857690000001
2019-04-16,volume_number06,159.86516937699972
2019-04-17,VVVP_NFS_186VOL01,0.001785976
2019-04-17,VVVP_NFS_186VOL04,0.289054397
2019-04-17,volume_number03,0.012244466
2019-04-17,volume_number04,11.685800939999998
2019-04-17,volume_number06,44.48796930299995
2019-04-17,volume_number07,131.65431203999967
2019-04-18,VVVP_NFS_186VOL01,0.0022694000000000004
2019-04-18,volume_number03,0.253823246
2019-04-18,volume_number04,0.144876865
2019-04-18,volume_number06,0.056770978
2019-04-18,volume_number07,179.66885169299997
2019-04-19,VVVP_NFS_186VOL04,0.191405406
2019-04-19,volume_number03,0.062469477
2019-04-19,volume_number04,0.038085118
2019-04-19,volume_number06,0.12274303299999999
2019-04-19,volume_number07,134.878641104
2019-04-20,volume_number03,0.044371764
2019-04-20,volume_number04,0.093047048
2019-04-20,volume_number06,0.659830954
2019-04-20,volume_number07,138.25081302800007
2019-04-21,volume_number03,0.276929128
2019-04-21,volume_number04,0.10563513299999999
2019-04-21,volume_number06,0.08686311099999999
2019-04-21,volume_number07,120.56516465999988
2019-04-22,VVVP_NFS_186VOL01,0.00035728400000000003
2019-04-22,VVVP_NFS_186VOL04,0.017925948
2019-04-22,volume_number04,0.13377028700000002
2019-04-22,volume_number06,0.339268147
2019-04-22,volume_number07,140.2880907690002
2019-04-23,VVVP_NFS_186VOL03,0.013021922
2019-04-23,VVVP_NFS_186VOL04,0.061517089
2019-04-23,volume_number03,0.00682601
2019-04-23,volume_number04,0.005577775
2019-04-23,volume_number06,0.036026726
2019-04-23,volume_number07,167.72828214401972
2019-04-24,VVVP_NFS_186VOL01,0.050661524000000006
2019-04-24,VVVP_NFS_186VOL04,0.064362747
2019-04-24,volume_number06,0.156815819
2019-04-24,volume_number07,128.390040703
2019-04-24,volume_number09,27.987986173
2019-04-25,volume_number03,0.04997528
2019-04-25,volume_number04,0.109008467
2019-04-25,volume_number06,0.5157698140000001
2019-04-25,volume_number07,2.141928022
2019-04-25,volume_number09,150.68685448899993
2019-04-26,volume_number04,0.008088617
2019-04-26,volume_number07,0.403934504
2019-04-26,volume_number09,148.87388142099968
2019-04-27,volume_number07,0.012690987
2019-04-27,volume_number09,125.01488897400003
2019-04-28,VVVP_BRIC9_VOL01,0.009195133
2019-04-28,volume_number03,0.053270488
2019-04-28,volume_number04,0.078585953
2019-04-28,volume_number07,0.12855344
2019-04-28,volume_number09,99.81454997499993
2019-04-29,volume_number03,0.290771973
2019-04-29,volume_number04,0.203817371
2019-04-29,volume_number06,0.052308423
2019-04-29,volume_number07,1.27399056
2019-04-29,volume_number09,150.82880959000028
2019-04-30,volume_number06,0.048007039
2019-04-30,volume_number07,0.672542405
2019-04-30,volume_number09,143.4110028289998
2019-05-01,volume_number04,0.095928078
2019-05-01,volume_number07,0.24935321
2019-05-01,volume_number09,127.40513474800001
2019-05-02,VVVP_NFS_186VOL03,0.138120431
2019-05-02,VVVP_NFS_186VOL04,0.045724064
2019-05-02,volume_number04,0.187275105
2019-05-02,volume_number06,0.128841509
2019-05-02,volume_number07,0.3355460410000001
2019-05-02,volume_number09,147.27133183100048
2019-05-03,volume_number06,0.097106168
2019-05-03,volume_number07,0.083647862
2019-05-03,volume_number09,89.3096800229999
2019-05-03,volume_number11,72.8515500240001
2019-05-04,volume_number09,0.029418185
2019-05-04,volume_number11,149.7445700499997
2019-05-05,volume_number06,0.016542165
2019-05-05,volume_number07,0.101789726
2019-05-05,volume_number09,0.012278102
2019-05-05,volume_number11,100.70336323900021
2019-05-06,volume_number04,0.049238579000000005
2019-05-06,volume_number06,0.069603223
2019-05-06,volume_number07,0.43253260300000007
2019-05-06,volume_number09,3.6925965760000006
2019-05-06,volume_number11,153.55982484799986
2019-05-07,VVVP_NFS_186VOL03,0.093826801
2019-05-07,volume_number07,0.101261261
2019-05-07,volume_number09,0.19374564400000002
2019-05-07,volume_number11,159.40532090099984
2019-05-08,VVVP_NFS_186VOL04,0.049218252000000004
2019-05-08,volume_number04,1.6985698530000002
2019-05-08,volume_number07,0.140498895
2019-05-08,volume_number09,0.025091601999999998
2019-05-08,volume_number11,145.70378203100023
2019-05-09,VVVP_BRIC9_VOL01,0.077433377
2019-05-09,VVVP_NFS_186VOL04,0.037444104
2019-05-09,volume_number07,0.106981807
2019-05-09,volume_number11,142.93155796199989
2019-05-10,volume_number06,0.017804311
2019-05-10,volume_number07,0.005726752
2019-05-10,volume_number09,0.07323125
2019-05-10,volume_number11,134.02901247100024
2019-05-11,VVVP_NFS_186VOL03,0.19900749
2019-05-11,VVVP_NFS_186VOL04,0.06249064
2019-05-11,volume_number06,0.039521656
2019-05-11,volume_number09,0.019742854
2019-05-11,volume_number11,132.43999989799954
2019-05-11,volume_number12,3.983989767
2019-05-12,VVVP_NFS_186VOL04,0.127681324
2019-05-12,volume_number11,0.9993755650000001
2019-05-12,volume_number12,103.35848206500008
2019-05-13,VVVP_NFS_186VOL03,0.034243559
2019-05-13,VVVP_NFS_186VOL04,0.1218844
2019-05-13,volume_number03,0.149696211
2019-05-13,volume_number04,0.03368832
2019-05-13,volume_number09,0.025155932
2019-05-13,volume_number11,0.6640339749999999
2019-05-13,volume_number12,120.25861434500028
2019-05-14,VVVP_NFS_186VOL03,0.11471717
2019-05-14,VVVP_NFS_186VOL04,0.109199427
2019-05-14,volume_number09,0.267666193
2019-05-14,volume_number11,0.10708981399999999
2019-05-14,volume_number12,143.16625973599992
2019-05-15,volume_number11,0.230942145
2019-05-15,volume_number12,146.15971450200044
2019-05-16,volume_number04,0.253499287
2019-05-16,volume_number06,0.012453005
2019-05-16,volume_number09,0.106347567
2019-05-16,volume_number11,0.238156123
2019-05-16,volume_number12,152.97893499799991
2019-05-17,VVVP_NFS_186VOL01,0.00498606
2019-05-17,VVVP_NFS_186VOL04,0.147204997
2019-05-17,volume_number03,0.004907905
2019-05-17,volume_number06,0.059368403
2019-05-17,volume_number07,0.10253973900000002
2019-05-17,volume_number09,0.28614069599999997
2019-05-17,volume_number11,0.325108901
2019-05-17,volume_number12,143.63859784
2019-05-18,VVVP_NFS_186VOL03,0.002493141
2019-05-18,volume_number04,0.017964964
2019-05-18,volume_number09,0.034516848
2019-05-18,volume_number11,0.046091932
2019-05-18,volume_number12,115.25444399799981
2019-05-19,VVVP_NFS_186VOL03,0.110828434
2019-05-19,VVVP_NFS_186VOL04,0.081388479
2019-05-19,volume_number07,0.038384604
2019-05-19,volume_number09,0.01010727
2019-05-19,volume_number11,0.069012736
2019-05-19,volume_number12,108.38373041699987
2019-05-20,volume_number03,0.013408925
2019-05-20,volume_number04,0.010186079
2019-05-20,volume_number11,0.29040902199999996
2019-05-20,volume_number12,123.78056700199997
2019-05-21,VVVP_NFS_186VOL03,0.027554584
2019-05-21,VVVP_NFS_186VOL04,0.008360641
2019-05-21,volume_number04,0.062622628
2019-05-21,volume_number07,0.038558984
2019-05-21,volume_number12,52.517426576000005
2019-05-21,volume_number13,74.42033416599979
2019-05-22,VVVP_NFS_186VOL03,0.026368078
2019-05-22,VVVP_NFS_186VOL04,0.075285557
2019-05-22,volume_number03,0.022228712
2019-05-22,volume_number12,0.36424044599999994
2019-05-22,volume_number13,118.1313262830002
2019-05-23,VVVP_NFS_186VOL01,0.019099168
2019-05-23,VVVP_NFS_186VOL04,0.018466754
2019-05-23,volume_number03,0.254516125
2019-05-23,volume_number06,0.07917178700000001
2019-05-23,volume_number07,0.031462477999999995
2019-05-23,volume_number09,0.011554324
2019-05-23,volume_number11,0.031015241
2019-05-23,volume_number12,0.180803843
2019-05-23,volume_number13,154.41211681500016
2019-05-24,VVVP_NFS_186VOL01,0.000561767
2019-05-24,VVVP_NFS_186VOL03,0.083579529
2019-05-24,VVVP_NFS_186VOL04,0.079923354
2019-05-24,volume_number03,0.12300363
2019-05-24,volume_number12,0.112124384
2019-05-24,volume_number13,153.60534465499995
2019-05-25,volume_number09,0.008640168
2019-05-25,volume_number11,0.159121386
2019-05-25,volume_number12,0.264098688
2019-05-25,volume_number13,118.28233638700011
2019-05-26,VVVP_BRIC9_VOL01,0.007718679
2019-05-26,VVVP_NFS_186VOL04,0.019889231
2019-05-26,volume_number09,0.01239158
2019-05-26,volume_number12,0.021174209
2019-05-26,volume_number13,97.07973204699975
2019-05-27,VVVP_NFS_186VOL01,0.01090446
2019-05-27,VVVP_NFS_186VOL03,0.009995245
2019-05-27,VVVP_NFS_186VOL04,0.028405408
2019-05-27,volume_number04,0.150170832
2019-05-27,volume_number06,0.017368283
2019-05-27,volume_number09,0.021123409
2019-05-27,volume_number11,0.043210924000000005
2019-05-27,volume_number12,0.081399519
2019-05-27,volume_number13,129.22410754200007
2019-05-28,volume_number09,0.34617558200000004
2019-05-28,volume_number11,0.024714541
2019-05-28,volume_number12,0.11656835
2019-05-28,volume_number13,151.66301595100012
2019-05-29,VVVP_NFS_VMVol15,47.76560755199998
2019-05-29,volume_number06,0.02911323
2019-05-29,volume_number07,0.037060779
2019-05-29,volume_number11,0.067199769
2019-05-29,volume_number12,0.088820923
2019-05-29,volume_number13,181.43136676600014
2019-05-30,VVVP_NFS_186VOL01,0.002726115
2019-05-30,VVVP_NFS_VMVol15,161.34027300400018
2019-05-30,volume_number03,0.018260748
2019-05-30,volume_number04,0.010801226
2019-05-30,volume_number07,0.044646902
2019-05-30,volume_number09,0.017921886
2019-05-30,volume_number11,0.017768258
2019-05-30,volume_number12,0.123086523
2019-05-30,volume_number13,1.136399156
2019-05-31,VVVP_NFS_186VOL01,0.002286852
2019-05-31,VVVP_NFS_186VOL04,0.09711028
2019-05-31,VVVP_NFS_VMVol15,162.34065027899973
2019-05-31,volume_number03,0.21051673199999998
2019-05-31,volume_number11,0.087851456
2019-05-31,volume_number13,0.099508146
2019-06-01,VVVP_NFS_VMVol15,128.36118394799954
2019-06-01,volume_number03,0.21894692100000002
2019-06-01,volume_number12,0.12321339
2019-06-01,volume_number13,0.034542243
2019-06-02,VVVP_NFS_186VOL04,0.194623456
2019-06-02,VVVP_NFS_VMVol15,103.11995552900028
2019-06-02,volume_number03,0.12186764
2019-06-02,volume_number06,0.143605909
2019-06-02,volume_number13,0.13929655000000002
2019-06-03,VVVP_NFS_186VOL04,0.471432001
2019-06-03,VVVP_NFS_VMVol15,147.56134201699996
2019-06-03,volume_number03,0.500131471
2019-06-03,volume_number06,0.055294351000000005
2019-06-03,volume_number12,1.348322076
2019-06-03,volume_number13,7.4258692529999974
2019-06-04,VVVP_BRIC9_VOL01,0.050366657
2019-06-04,VVVP_NFS_186VOL01,0.01624536
2019-06-04,VVVP_NFS_186VOL03,0.046342351
2019-06-04,VVVP_NFS_186VOL04,0.670432189
2019-06-04,VVVP_NFS_VMVol15,148.88891414499935
2019-06-04,volume_number03,0.289801983
2019-06-04,volume_number04,0.017395346000000003
2019-06-04,volume_number07,0.025517572
2019-06-04,volume_number09,0.028504862
2019-06-04,volume_number11,0.036525831
2019-06-04,volume_number12,0.128560644
2019-06-04,volume_number13,0.31218335999999997
2019-06-05,VVVP_NFS_186VOL04,0.016497393
2019-06-05,VVVP_NFS_VMVol15,129.1148443239999
2019-06-05,volume_number03,0.011050159
2019-06-05,volume_number11,0.057446658
2019-06-05,volume_number12,0.009180486
2019-06-05,volume_number13,0.894926225
2019-06-06,VVVP_BRIC9_VOL01,0.00635035
2019-06-06,VVVP_NFS_186VOL01,0.005714696
2019-06-06,VVVP_NFS_VMVol15,136.31253232299994
2019-06-06,volume_number07,0.006538464
2019-06-06,volume_number11,0.006636119
2019-06-06,volume_number13,0.006905437
2019-06-07,VVVP_NFS_186VOL04,0.033185762
2019-06-07,VVVP_NFS_VMVol15,70.81995077199993
2019-06-07,VVVP_NFS_VMVol16,52.97126218099998
2019-06-07,volume_number03,0.299337568
2019-06-07,volume_number04,0.128859336
2019-06-07,volume_number06,28.081239691000007
2019-06-07,volume_number11,0.025522331
2019-06-07,volume_number13,0.028528771
2019-06-08,VVVP_NFS_186VOL01,0.006860555999999999
2019-06-08,VVVP_NFS_VMVol15,0.053080861
2019-06-08,VVVP_NFS_VMVol16,127.55276833300007
2019-06-08,volume_number06,0.020452048
2019-06-08,volume_number13,0.057287356
2019-06-09,VVVP_NFS_VMVol15,0.288507801
2019-06-09,VVVP_NFS_VMVol16,108.24799065700012
2019-06-09,volume_number06,0.298506677
2019-06-09,volume_number07,0.0072826190000000015
2019-06-09,volume_number11,0.008653439
2019-06-10,VVVP_NFS_186VOL04,0.029221065
2019-06-10,VVVP_NFS_VMVol15,0.5245882289999999
2019-06-10,VVVP_NFS_VMVol16,144.48936938400004
2019-06-10,volume_number03,0.194530122
2019-06-10,volume_number04,0.003645056
2019-06-10,volume_number06,0.12664269699999997
2019-06-10,volume_number13,0.133521688
2019-06-11,VVVP_NFS_VMVol15,0.14061922999999998
2019-06-11,VVVP_NFS_VMVol16,164.9852322960003
2019-06-11,volume_number03,0.28419984
2019-06-11,volume_number11,0.01410539
2019-06-11,volume_number12,0.535285984
2019-06-11,volume_number13,0.31158446599999995
2019-06-12,VVVP_NFS_186VOL04,0.013601765
2019-06-12,VVVP_NFS_VMVol15,0.00398055
2019-06-12,VVVP_NFS_VMVol16,156.20675749300017
2019-06-12,volume_number12,0.148549528
2019-06-12,volume_number13,0.019602094
2019-06-13,VVVP_NFS_186VOL04,0.016489305
2019-06-13,VVVP_NFS_VMVol15,0.33138469
2019-06-13,VVVP_NFS_VMVol16,155.25591137900005
2019-06-13,volume_number06,0.061427577
2019-06-13,volume_number07,0.031417415
2019-06-13,volume_number11,0.0047552340000000005
2019-06-13,volume_number12,0.052824384
2019-06-14,VVVP_NFS_VMVol15,0.073025227
2019-06-14,VVVP_NFS_VMVol16,132.27320696099972
2019-06-14,volume_number03,0.02734042
2019-06-14,volume_number09,0.049008611
2019-06-14,volume_number11,0.781817187
2019-06-14,volume_number12,0.017788471
2019-06-15,VVVP_NFS_VMVol15,0.149020521
2019-06-15,VVVP_NFS_VMVol16,130.9033341199999
2019-06-15,volume_number06,0.034728579
2019-06-15,volume_number09,0.025155932
2019-06-15,volume_number12,0.030497567000000007
2019-06-15,volume_number13,0.018532745
2019-06-16,VVVP_NFS_VMVol16,93.91472036439995
2019-06-16,volume_number13,0.06424951400000001
2019-06-17,VVVP_BRIC9_VOL01,0.116686042
2019-06-17,VVVP_NFS_186VOL03,0.007571629
2019-06-17,VVVP_NFS_186VOL04,0.014720438999999997
2019-06-17,VVVP_NFS_VMVol16,1.0522494
2019-06-17,volume_number07,0.101357059
2019-06-17,volume_number09,0.048403268
2019-06-17,volume_number13,0.11746539
2019-06-17,volume_number28,130.78992014799962
2019-06-18,VVVP_NFS_186VOL04,0.217787105
2019-06-18,VVVP_NFS_VMVol16,0.8889958979999999
2019-06-18,volume_number28,126.73838325199999
2019-06-19,VVVP_NFS_186VOL03,0.14775786400000002
2019-06-19,VVVP_NFS_186VOL04,0.056567586
2019-06-19,VVVP_NFS_VMVol15,0.8324231779999998
2019-06-19,VVVP_NFS_VMVol16,0.9472866520000001
2019-06-19,volume_number09,0.030643595
2019-06-19,volume_number11,0.295220528
2019-06-19,volume_number13,0.4996332320000001
2019-06-19,volume_number28,147.8653019450002
2019-06-20,VVVP_NFS_186VOL04,0.005882214
2019-06-20,VVVP_NFS_VMVol15,0.057214222
2019-06-20,VVVP_NFS_VMVol16,0.25322919400000005
2019-06-20,volume_number13,0.132233414
2019-06-20,volume_number28,152.36199743800037
2019-06-21,VVVP_NFS_186VOL01,0.01626784
2019-06-21,VVVP_NFS_VMVol16,0.047456249000000006
2019-06-21,volume_number03,0.043892309000000004
2019-06-21,volume_number09,0.047163893
2019-06-21,volume_number28,140.05581518000054
2019-06-22,VVVP_NFS_VMVol16,0.08435204
2019-06-22,volume_number12,0.042574607
2019-06-22,volume_number13,0.057945498
2019-06-22,volume_number28,133.66214756000028
2019-06-23,VVVP_NFS_VMVol15,0.053296267
2019-06-23,volume_number11,0.040806535
2019-06-23,volume_number28,119.01703036700003
2019-06-24,VVVP_NFS_VMVol15,0.178299029
2019-06-24,VVVP_NFS_VMVol16,0.36590472700000004
2019-06-24,volume_number11,0.11585511
2019-06-24,volume_number12,0.008479677
2019-06-24,volume_number28,147.43854302300045
2019-06-25,VVVP_NFS_186VOL04,0.023990663000000002
2019-06-25,VVVP_NFS_VMVol15,0.063266844
2019-06-25,VVVP_NFS_VMVol16,0.012938567
2019-06-25,volume_number12,0.133180445
2019-06-25,volume_number13,0.6153754300000001
2019-06-25,volume_number28,120.69705896000025
2019-06-25,volume_number29,38.281853772000005
2019-06-26,VVVP_NFS_VMVol16,0.163041619
2019-06-26,volume_number04,0.105929333
2019-06-26,volume_number09,0.0031926690000000004
2019-06-26,volume_number13,0.09743620600000003
2019-06-26,volume_number28,1.217621344
2019-06-26,volume_number29,162.00920253200024
2019-06-27,volume_number13,0.036282991
2019-06-27,volume_number28,0.32528293799999997
2019-06-27,volume_number29,188.9874861679999
2019-06-28,VVVP_NFS_VMVol16,0.065504496
2019-06-28,volume_number06,0.098479494
2019-06-28,volume_number28,0.292609713
2019-06-28,volume_number29,197.3552930140001
2019-06-29,volume_number28,0.08527653300000002
2019-06-29,volume_number29,172.68121580299993
2019-06-30,volume_number28,0.31381337200000003
2019-06-30,volume_number29,139.76288090500017
2019-07-01,VVVP_NFS_VMVol15,0.187330877
2019-07-01,volume_number28,0.079376033
2019-07-01,volume_number29,195.87519948099973
2019-07-02,volume_number09,0.04006716
2019-07-02,volume_number13,0.144101929
2019-07-02,volume_number28,0.039780347
2019-07-02,volume_number29,81.83712418899985
2019-07-02,volume_number30,100.72817746899997
2019-07-03,VVVP_NFS_186VOL04,0.055156688
2019-07-03,VVVP_NFS_VMVol15,0.057728234
2019-07-03,volume_number11,0.00857592
2019-07-03,volume_number28,0.132964273
2019-07-03,volume_number29,2.7819097249999993
2019-07-03,volume_number30,164.31815662100018
2019-07-04,volume_number28,0.035022611
2019-07-04,volume_number29,0.14249787
2019-07-04,volume_number30,180.92405714700044
2019-07-05,VVVP_NFS_186VOL04,0.043826344
2019-07-05,VVVP_NFS_VMVol16,0.12450662
2019-07-05,volume_number11,0.042824787
2019-07-05,volume_number29,0.811786352
2019-07-05,volume_number30,156.329769453
2019-07-06,VVVP_BRIC9_VOL01,0.017756769
2019-07-06,volume_number03,0.063398956
2019-07-06,volume_number09,0.013657905000000001
2019-07-06,volume_number13,0.039911812000000005
2019-07-06,volume_number29,0.247087751
2019-07-06,volume_number30,167.02521351299936
2019-07-07,VVVP_BRIC9_VOL01,0.0095884
2019-07-07,VVVP_NFS_186VOL03,0.123843278
2019-07-07,VVVP_NFS_186VOL04,0.134193815
2019-07-07,VVVP_NFS_VMVol15,0.03008664
2019-07-07,VVVP_NFS_VMVol16,0.011283694
2019-07-07,volume_number07,0.24793482
2019-07-07,volume_number12,0.107102918
2019-07-07,volume_number13,0.076773459
2019-07-07,volume_number29,0.020064577
2019-07-07,volume_number30,133.2309329230002
2019-07-08,volume_number13,0.5034423130000001
2019-07-08,volume_number29,0.24842987
2019-07-08,volume_number30,178.2494392339996
2019-07-09,volume_number29,0.06626051599999999
2019-07-09,volume_number30,30.582813261000005
2019-07-09,volume_number31,126.42245864299993
2019-07-10,VVVP_NFS_186VOL01,0.038694449
2019-07-10,VVVP_NFS_186VOL04,0.047841803
2019-07-10,volume_number04,0.025356742
2019-07-10,volume_number11,0.038461366999999996
2019-07-10,volume_number28,0.055828875
2019-07-10,volume_number29,0.073684371
2019-07-10,volume_number30,0.572881504
2019-07-10,volume_number31,175.59223223699922
2019-07-11,VVVP_NFS_VMVol16,0.041153652
2019-07-11,volume_number11,0.125564858
2019-07-11,volume_number28,0.16087602
2019-07-11,volume_number30,0.15536718900000002
2019-07-11,volume_number31,177.96622599299928
2019-07-12,VVVP_NFS_186VOL03,0.048628635
2019-07-12,VVVP_NFS_VMVol15,0.12043437000000001
2019-07-12,VVVP_NFS_VMVol16,0.241071788
2019-07-12,volume_number03,0.523658846
2019-07-12,volume_number04,0.050635719
2019-07-12,volume_number06,0.518223993
2019-07-12,volume_number09,0.026931049
2019-07-12,volume_number11,0.6566188450000001
2019-07-12,volume_number12,0.703981688
2019-07-12,volume_number13,0.011948897
2019-07-12,volume_number28,0.1765331
2019-07-12,volume_number29,0.542082994
2019-07-12,volume_number30,0.222783394
2019-07-12,volume_number31,169.19248757799974
2019-07-13,volume_number29,0.145324484
2019-07-13,volume_number30,0.126037301
2019-07-13,volume_number31,157.92085264599953
2019-07-14,volume_number31,128.7222453380002
2019-07-15,volume_number04,0.06259092299999999
2019-07-15,volume_number06,0.038856757
2019-07-15,volume_number09,0.045620597
2019-07-15,volume_number29,0.030929592
2019-07-15,volume_number30,0.03383408
2019-07-15,volume_number31,85.30588363499992
2019-07-15,volume_number32,88.68547008900008
2019-07-16,VVVP_NFS_186VOL04,0.023592962
2019-07-16,VVVP_NFS_VMVol15,0.097167397
2019-07-16,volume_number07,0.024925696
2019-07-16,volume_number28,0.126682569
2019-07-16,volume_number30,0.709811518
2019-07-16,volume_number31,1.9128879390000002
2019-07-16,volume_number32,173.76374596499977
2019-07-17,volume_number03,0.090552858
2019-07-17,volume_number04,0.10181006
2019-07-17,volume_number13,0.138066038
2019-07-17,volume_number29,0.11544097999999998
2019-07-17,volume_number30,0.259230437
2019-07-17,volume_number31,0.40729362900000005
2019-07-17,volume_number32,173.63409056499938
2019-07-18,volume_number28,0.089979432
2019-07-18,volume_number29,0.098519799
2019-07-18,volume_number30,0.280868951
2019-07-18,volume_number31,0.35113150200000004
2019-07-18,volume_number32,175.99547648021968
2019-07-19,VVVP_NFS_186VOL04,0.008884244
2019-07-19,volume_number12,0.028962296
2019-07-19,volume_number28,0.006060389
2019-07-19,volume_number30,0.046717016
2019-07-19,volume_number31,0.12031423299999999
2019-07-19,volume_number32,153.39330727900048
2019-07-20,VVVP_NFS_186VOL01,0.014007680000000002
2019-07-20,volume_number30,0.04011402
2019-07-20,volume_number31,0.155810511
2019-07-20,volume_number32,151.75013010199987
2019-07-21,volume_number32,121.7956273859999
2019-07-22,volume_number04,0.105846214
2019-07-22,volume_number06,0.1073164
2019-07-22,volume_number13,0.109751252
2019-07-22,volume_number29,0.05935585700000001
2019-07-22,volume_number31,0.11423977600000002
2019-07-22,volume_number32,34.306900726999984
2019-07-22,volume_number33,123.52039695699997
2019-07-23,volume_number06,0.022236587
2019-07-23,volume_number31,0.072205172
2019-07-23,volume_number32,0.9979266730000003
2019-07-23,volume_number33,158.9016610040003
2019-07-24,volume_number28,0.047264249
2019-07-24,volume_number30,0.010831042
2019-07-24,volume_number31,0.011847819
2019-07-24,volume_number32,0.6150560099999999
2019-07-24,volume_number33,158.26435609300063
2019-07-25,VVVP_NFS_186VOL04,0.038872801
2019-07-25,volume_number28,0.00935312
2019-07-25,volume_number31,0.11660137300000001
2019-07-25,volume_number32,0.36301351800000004
2019-07-25,volume_number33,160.47572923399943
2019-07-26,VVVP_NFS_186VOL04,0.000549316
2019-07-26,VVVP_NFS_VMVol16,0.092025183
2019-07-26,volume_number06,0.9206603250000001
2019-07-26,volume_number09,0.38699611899999997
2019-07-26,volume_number30,0.020856788
2019-07-26,volume_number31,0.012542939
2019-07-26,volume_number32,0.225707392
2019-07-26,volume_number33,167.48876973600045
2019-07-27,VVVP_NFS_VMVol15,0.013053073
2019-07-27,VVVP_NFS_VMVol16,0.105071148
2019-07-27,volume_number32,0.094145633
2019-07-27,volume_number33,142.9573025270002
2019-07-28,volume_number09,0.026915072
2019-07-28,volume_number32,0.01692197
2019-07-28,volume_number33,93.60964553100017
2019-07-29,volume_number13,0.013444002
2019-07-29,volume_number29,0.074673053
2019-07-29,volume_number31,11.47175970699999
2019-07-29,volume_number32,0.053689304
2019-07-29,volume_number33,65.05928068100017
2019-07-29,volume_number34,73.62871699599992
2019-07-30,volume_number29,0.090484389
2019-07-30,volume_number31,0.127526015
2019-07-30,volume_number33,0.712506453
2019-07-30,volume_number34,112.06605346499991
2019-07-31,VVVP_NFS_186VOL03,1.6712043349999999
2019-07-31,volume_number28,0.015262632
2019-07-31,volume_number29,0.033708211
2019-07-31,volume_number31,0.237446036
2019-07-31,volume_number33,0.7038093750000001
2019-07-31,volume_number34,134.07606818900027
2019-08-01,volume_number03,0.139010302
2019-08-01,volume_number30,0.047219432000000006
2019-08-01,volume_number31,0.044352153
2019-08-01,volume_number32,0.009602793
2019-08-01,volume_number33,0.109630532
2019-08-01,volume_number34,187.0260291020003
2019-08-02,VVVP_NFS_186VOL01,0.000874228
2019-08-02,volume_number06,0.040321808
2019-08-02,volume_number07,0.031417415
2019-08-02,volume_number33,0.167112961
2019-08-02,volume_number34,164.4498025459997
2019-08-03,volume_number32,0.026255753
2019-08-03,volume_number33,0.106032738
2019-08-03,volume_number34,159.25716200600027
2019-08-04,volume_number31,0.005269792
2019-08-04,volume_number32,0.303507689
2019-08-04,volume_number34,102.80106165100021
2019-08-05,volume_number07,19.251651549999984
2019-08-05,volume_number13,0.020608155
2019-08-05,volume_number30,84.41572126500024
2019-08-05,volume_number31,0.040524511
2019-08-05,volume_number32,0.5032299900000001
2019-08-05,volume_number33,0.222528401
2019-08-05,volume_number34,19.254482089000007
2019-08-05,volume_number35,70.54502298500002
2019-08-06,volume_number07,0.136936073
2019-08-06,volume_number30,0.7856835350000001
2019-08-06,volume_number31,0.030703061
2019-08-06,volume_number33,0.099080736
2019-08-06,volume_number34,2.048039958
2019-08-06,volume_number35,191.45662951800023
2019-08-07,VVVP_NFS_186VOL03,0.025224509
2019-08-07,volume_number04,0.006631239000000001
2019-08-07,volume_number29,0.031113805
2019-08-07,volume_number30,0.008387464
2019-08-07,volume_number33,0.059053164
2019-08-07,volume_number34,0.21598173699999998
2019-08-07,volume_number35,112.68637835799977
2019-08-08,VVVP_NFS_186VOL01,0.05733976
2019-08-08,VVVP_NFS_186VOL04,0.007060885
2019-08-08,volume_number07,0.025820523
2019-08-08,volume_number30,0.182955551
2019-08-08,volume_number34,0.34239658100000003
2019-08-08,volume_number35,255.6304910540001
2019-08-09,VVVP_NFS_186VOL01,0.004613781999999999
2019-08-09,volume_number30,0.115939781
2019-08-09,volume_number31,0.009454858
2019-08-09,volume_number34,0.184945549
2019-08-09,volume_number35,176.53218114599971
2019-08-10,volume_number29,0.019089466
2019-08-10,volume_number33,0.040507487
2019-08-10,volume_number35,166.25509650800026
2019-08-10,volume_number36,0.5375988970000001
2019-08-11,volume_number34,0.292234596
2019-08-11,volume_number35,1.2464219190000003
2019-08-11,volume_number36,156.7846423290002
2019-08-12,VVVP_BRIC9_VOL01,0.01586988
2019-08-12,VVVP_NFS_VMVol16,0.006684481999999999
2019-08-12,volume_number07,0.0025860320000000003
2019-08-12,volume_number34,0.086049077
2019-08-12,volume_number35,0.5053945329999999
2019-08-12,volume_number36,221.30085302200035
2019-08-13,volume_number30,0.051453227
2019-08-13,volume_number33,0.041887164000000005
2019-08-13,volume_number35,0.510477063
2019-08-13,volume_number36,156.4008855530004
2019-08-14,VVVP_NFS_186VOL03,0.005106314
2019-08-14,VVVP_NFS_186VOL04,0.00245917
2019-08-14,VVVP_NFS_VMVol16,0.012902128
2019-08-14,volume_number31,0.030539534
2019-08-14,volume_number33,0.23260609799999998
2019-08-14,volume_number34,0.040612658
2019-08-14,volume_number35,0.20552268999999998
2019-08-14,volume_number36,172.45339937899948
2019-08-15,VVVP_NFS_186VOL03,0.009537499
2019-08-15,volume_number11,0.094241324
2019-08-15,volume_number30,0.10862584600000001
2019-08-15,volume_number31,0.142616482
2019-08-15,volume_number32,0.12375918400000001
2019-08-15,volume_number34,0.016263476000000002
2019-08-15,volume_number35,0.112906074
2019-08-15,volume_number36,137.2970511269999
2019-08-16,VVVP_BRIC9_VOL01,3.441442912
2019-08-16,VVVP_NFS_186VOL01,0.37161861300000004
2019-08-16,VVVP_NFS_186VOL03,0.3874136589999999
2019-08-16,VVVP_NFS_VMVol15,1.060860997
2019-08-16,volume_number03,0.039234204
2019-08-16,volume_number04,0.107701419
2019-08-16,volume_number12,0.167932735
2019-08-16,volume_number29,0.06970834599999999
2019-08-16,volume_number30,0.9778863089999998
2019-08-16,volume_number32,0.051239626
2019-08-16,volume_number34,0.049147773
2019-08-16,volume_number35,0.10122743299999999
2019-08-16,volume_number36,380.3760493759998
2019-08-17,VVVP_BRIC9_VOL01,305.79378350999906
2019-08-17,VVVP_NFS_186VOL01,76.80345590500019
2019-08-17,VVVP_NFS_186VOL03,424.43518147799784
2019-08-17,volume_number17,139.46351190499968
2019-08-17,volume_number28,0.098027988
2019-08-17,volume_number32,0.6198013840000001
2019-08-17,volume_number33,0.021411107
2019-08-17,volume_number34,0.5832747569999999
2019-08-17,volume_number35,8.296352465000005
2019-08-17,volume_number36,69.03325450800006
2019-08-18,VVVP_NFS_186VOL03,284.2731804130001
2019-08-18,VVVP_NFS_186VOL04,457.63848539699694
2019-08-18,volume_number17,184.718690257999
2019-08-18,volume_number29,0.413859513
2019-08-18,volume_number30,0.023924703
2019-08-18,volume_number31,0.8711612729999999
2019-08-18,volume_number35,0.262835567
2019-08-18,volume_number36,1.165189981
2019-08-19,VVVP_NFS_186VOL04,55.423807358000126
2019-08-19,VVVP_NFS_VMVol15,0.028780111
2019-08-19,volume_number03,777.9503363380032
2019-08-19,volume_number04,328.3413680910011
2019-08-19,volume_number13,0.057247471999999994
2019-08-19,volume_number17,246.97746090300055
2019-08-19,volume_number29,0.178703848
2019-08-19,volume_number30,0.036450167
2019-08-19,volume_number31,0.040015344
2019-08-19,volume_number32,0.10693855600000002
2019-08-19,volume_number33,0.038094357
2019-08-19,volume_number34,0.271187627
2019-08-19,volume_number35,0.40719524199999996
2019-08-19,volume_number36,1.4097213240000002
2019-08-20,VVVP_BRIC9_VOL01,0.149464854
2019-08-20,VVVP_NFS_186VOL01,0.057931875999999986
2019-08-20,VVVP_NFS_186VOL03,18.275977379000018
2019-08-20,volume_number04,482.8067740340015
2019-08-20,volume_number06,314.5093338300009
2019-08-20,volume_number07,335.67715133499905
2019-08-20,volume_number09,11.238748201000007
2019-08-20,volume_number17,246.58638552899936
2019-08-20,volume_number31,0.052690967000000005
2019-08-20,volume_number34,0.023773869
2019-08-20,volume_number35,0.011154882
2019-08-20,volume_number36,0.64662541
2019-08-21,VVVP_BRIC9_VOL01,0.068965902
2019-08-21,volume_number03,0.000983231
2019-08-21,volume_number07,5.698818533000001
2019-08-21,volume_number09,410.645463702002
2019-08-21,volume_number11,425.48353038169984
2019-08-21,volume_number12,313.5020489020008
2019-08-21,volume_number17,258.51468386199974
2019-08-21,volume_number29,0.123312285
2019-08-21,volume_number32,0.022575501999999997
2019-08-21,volume_number33,0.030356819
2019-08-21,volume_number36,0.29949105
2019-08-22,VVVP_BRIC9_VOL01,0.009739735
2019-08-22,VVVP_NFS_186VOL01,0.153198756
2019-08-22,VVVP_NFS_186VOL03,0.15392563999999997
2019-08-22,VVVP_NFS_VMVol15,390.975298070402
2019-08-22,VVVP_NFS_VMVol16,300.00652532600003
2019-08-22,volume_number06,9.846104912
2019-08-22,volume_number12,50.89598160099999
2019-08-22,volume_number13,339.3777098559999
2019-08-22,volume_number17,281.29267291499986
2019-08-22,volume_number33,0.008097035
2019-08-22,volume_number35,0.00960923
2019-08-22,volume_number36,0.16474345299999998
2019-08-22,volume_number39,128.47101628000019
2019-08-23,VVVP_BRIC9_VOL01,0.004687808
2019-08-23,VVVP_NFS_186VOL01,0.001175163
2019-08-23,VVVP_NFS_186VOL04,0.14491503
2019-08-23,VVVP_NFS_VMVol16,100.19880311000011
2019-08-23,volume_number17,2.040448967
2019-08-23,volume_number28,403.4277860899959
2019-08-23,volume_number29,379.4282562310015
2019-08-23,volume_number30,87.63574715799996
2019-08-23,volume_number32,0.042798841
2019-08-23,volume_number33,0.17628527700000002
2019-08-23,volume_number34,0.022465437999999997
2019-08-23,volume_number35,0.004425869
2019-08-23,volume_number36,0.533692111
2019-08-23,volume_number39,150.49748793699976
2019-08-24,VVVP_BRIC9_VOL01,0.014318759
2019-08-24,volume_number04,0.018220387
2019-08-24,volume_number07,0.085512157
2019-08-24,volume_number09,0.039447666
2019-08-24,volume_number11,0.048962582000000004
2019-08-24,volume_number12,0.048730013
2019-08-24,volume_number13,0.17717797100000002
2019-08-24,volume_number17,0.24808558200000003
2019-08-24,volume_number30,175.43182779900016
2019-08-24,volume_number31,327.5334475859996
2019-08-24,volume_number32,359.9652445610009
2019-08-24,volume_number33,95.32327579699991
2019-08-24,volume_number34,0.050244987000000005
2019-08-24,volume_number39,106.00246339499996
2019-08-25,VVVP_NFS_186VOL01,0.001615677
2019-08-25,VVVP_NFS_VMVol15,0.013892505
2019-08-25,volume_number07,5.047673982
2019-08-25,volume_number09,0.015164826
2019-08-25,volume_number17,0.23352153400000003
2019-08-25,volume_number30,27.244664995000022
2019-08-25,volume_number31,3.5215851560000004
2019-08-25,volume_number32,0.022119313
2019-08-25,volume_number33,261.2886888689997
2019-08-25,volume_number34,363.39876290200004
2019-08-25,volume_number35,200.9773395269998
2019-08-25,volume_number39,98.00144631499994
2019-08-26,VVVP_NFS_186VOL03,0.025901818
2019-08-26,volume_number03,0.068190898
2019-08-26,volume_number11,0.047305366
2019-08-26,volume_number17,0.7704563700000001
2019-08-26,volume_number32,0.026255753
2019-08-26,volume_number35,63.874657952999996
2019-08-26,volume_number36,292.142225169
2019-08-26,volume_number39,287.30205276199985
2019-08-27,VVVP_NFS_186VOL03,0.081206775
2019-08-27,volume_number07,0.817589624
2019-08-27,volume_number17,0.19782169500000002
2019-08-27,volume_number29,0.517613962
2019-08-27,volume_number30,0.09696918500000001
2019-08-27,volume_number32,0.015138137
2019-08-27,volume_number33,0.054619765
2019-08-27,volume_number34,0.6596679280000001
2019-08-27,volume_number35,0.233997234
2019-08-27,volume_number36,0.39985126
2019-08-27,volume_number39,286.07348312700054
2019-08-28,VVVP_BRIC9_VOL01,0.07031439
2019-08-28,VVVP_NFS_186VOL01,0.004470526000000001
2019-08-28,volume_number04,0.230079718
2019-08-28,volume_number13,0.031850447000000004
2019-08-28,volume_number17,194.08642042699958
2019-08-28,volume_number30,0.032121278
2019-08-28,volume_number31,0.025155932
2019-08-28,volume_number32,0.05621525
2019-08-28,volume_number34,0.037556499
2019-08-28,volume_number35,0.034225292000000004
2019-08-28,volume_number36,0.17703000100000002
2019-08-28,volume_number39,93.36517358599981
2019-08-29,VVVP_NFS_186VOL04,0.019174452
2019-08-29,VVVP_NFS_VMVol16,0.018713565
2019-08-29,volume_number09,0.021197483
2019-08-29,volume_number13,0.027784059
2019-08-29,volume_number17,2.278150462
2019-08-29,volume_number31,0.067385897
2019-08-29,volume_number32,0.058450309000000006
2019-08-29,volume_number33,0.06363723700000001
2019-08-29,volume_number34,0.039574097
2019-08-29,volume_number35,0.6660695550000001
2019-08-29,volume_number36,0.22598045
2019-08-29,volume_number39,310.48086926199875
2019-08-29,volume_number40,0.170145063
2019-08-30,VVVP_NFS_186VOL04,0.017464636999999998
2019-08-30,volume_number11,0.0223326
2019-08-30,volume_number17,0.33548108699999996
2019-08-30,volume_number28,0.021167632
2019-08-30,volume_number34,0.017045402
2019-08-30,volume_number36,0.499134626
2019-08-30,volume_number39,1.932419971
2019-08-30,volume_number40,266.1032528639997
2019-08-31,VVVP_NFS_VMVol15,0.02744564
2019-08-31,volume_number09,0.033823135
2019-08-31,volume_number17,0.027079394
2019-08-31,volume_number33,0.175594498
2019-08-31,volume_number34,0.5519366940000001
2019-08-31,volume_number36,0.026412192
2019-08-31,volume_number39,0.6176759199999999
2019-08-31,volume_number40,196.28051964050024
2019-09-01,VVVP_NFS_186VOL03,0.121292644
2019-09-01,VVVP_NFS_186VOL04,0.018505141
2019-09-01,volume_number09,0.034417698
2019-09-01,volume_number17,0.290505166
2019-09-01,volume_number31,0.032128519
2019-09-01,volume_number33,0.017602101999999998
2019-09-01,volume_number39,1.0208026760000002
2019-09-01,volume_number40,138.37455301599982
2019-09-02,volume_number17,0.37093608600000005
2019-09-02,volume_number39,0.015925067
2019-09-02,volume_number40,117.2993680210001
2019-09-03,VVVP_NFS_186VOL01,0.009045300999999999
2019-09-03,volume_number17,0.6466615710000001
2019-09-03,volume_number29,0.029202736
2019-09-03,volume_number32,0.012958123
2019-09-03,volume_number35,0.011242408999999998
2019-09-03,volume_number39,1.385628053
2019-09-03,volume_number40,198.92021323399976
2019-09-04,VVVP_NFS_186VOL01,0.014663696
2019-09-04,VVVP_NFS_VMVol15,0.14904732099999998
2019-09-04,volume_number04,0.028265508
2019-09-04,volume_number06,0.010621696000000002
2019-09-04,volume_number09,0.043507061
2019-09-04,volume_number17,1.305504942
2019-09-04,volume_number35,0.024837535
2019-09-04,volume_number36,0.01847816
2019-09-04,volume_number39,0.11139256300000001
2019-09-04,volume_number40,213.61749596200045
2019-09-05,VVVP_NFS_186VOL03,0.33945351599999996
2019-09-05,VVVP_NFS_VMVol15,0.016123371
2019-09-05,volume_number03,0.013253959
2019-09-05,volume_number17,0.017134012
2019-09-05,volume_number31,0.070991728
2019-09-05,volume_number32,0.074309896
2019-09-05,volume_number34,0.082604338
2019-09-05,volume_number35,0.14830167700000002
2019-09-05,volume_number36,0.722636524
2019-09-05,volume_number39,0.15011948600000002
2019-09-05,volume_number40,178.19346049100048
2019-09-05,volume_number41,1.6776993040000003
2019-09-06,VVVP_NFS_186VOL01,0.059272951
2019-09-06,volume_number03,0.21240015
2019-09-06,volume_number32,0.01692197
2019-09-06,volume_number39,0.12036544699999999
2019-09-06,volume_number40,3.7647160420000017
2019-09-06,volume_number41,144.48656246900057
2019-09-07,VVVP_NFS_186VOL04,0.02874059
2019-09-07,volume_number36,0.008062093000000001
2019-09-07,volume_number39,0.08417282400000001
2019-09-07,volume_number40,0.732831424
2019-09-07,volume_number41,72.1461049550001
2019-09-08,volume_number03,0.024622775
2019-09-08,volume_number06,0.009427746
2019-09-08,volume_number39,0.037090885
2019-09-08,volume_number40,0.05196722
2019-09-08,volume_number41,110.267723116
2019-09-09,VVVP_BRIC9_VOL01,0.08789815299999999
2019-09-09,VVVP_NFS_186VOL01,0.008236938000000001
2019-09-09,volume_number06,0.045268945
2019-09-09,volume_number11,0.043546593
2019-09-09,volume_number12,0.017502708
2019-09-09,volume_number28,0.069207777
2019-09-09,volume_number33,0.018893455
2019-09-09,volume_number34,0.051778219
2019-09-09,volume_number35,0.037398254
2019-09-09,volume_number36,0.074209141
2019-09-09,volume_number39,0.454276295
2019-09-09,volume_number40,0.43982748400000005
2019-09-09,volume_number41,227.720234177
2019-09-10,VVVP_NFS_VMVol15,0.029054896
2019-09-10,volume_number17,0.067918384
2019-09-10,volume_number30,0.02357749
2019-09-10,volume_number32,0.020446063
2019-09-10,volume_number34,0.007906038
2019-09-10,volume_number35,0.07636432300000001
2019-09-10,volume_number36,0.06634247
2019-09-10,volume_number39,0.01891025
2019-09-10,volume_number40,0.694469853
2019-09-10,volume_number41,297.9422854799995
2019-09-11,VVVP_BRIC9_VOL01,0.008114447
2019-09-11,VVVP_NFS_186VOL03,0.07002725900000001
2019-09-11,volume_number09,0.033823135
2019-09-11,volume_number11,0.058469352
2019-09-11,volume_number17,0.591996691
2019-09-11,volume_number31,0.010421207
2019-09-11,volume_number33,0.036388115
2019-09-11,volume_number35,0.021668724
2019-09-11,volume_number39,0.8016641600000001
2019-09-11,volume_number40,0.4983894249999999
2019-09-11,volume_number41,140.66600126299977
2019-09-11,volume_number43,5.293474007999998
2019-09-12,VVVP_NFS_VMVol15,0.079712729
2019-09-12,volume_number11,0.10843550700000001
2019-09-12,volume_number13,0.036534474
2019-09-12,volume_number17,0.027967688
2019-09-12,volume_number28,0.002155287
2019-09-12,volume_number29,0.092969009
2019-09-12,volume_number31,0.045043191999999996
2019-09-12,volume_number32,0.070997369
2019-09-12,volume_number33,0.033936181
2019-09-12,volume_number34,0.076832052
2019-09-12,volume_number40,0.625582523
2019-09-12,volume_number41,3.9414959929999984
2019-09-12,volume_number43,202.87758885199955
2019-09-13,VVVP_BRIC9_VOL01,0.062800096
2019-09-13,volume_number03,0.031826858
2019-09-13,volume_number04,0.036350599
2019-09-13,volume_number06,0.045075497
2019-09-13,volume_number11,0.096538902
2019-09-13,volume_number12,0.05535847
2019-09-13,volume_number13,0.08340213
2019-09-13,volume_number17,0.049998959
2019-09-13,volume_number29,0.145091437
2019-09-13,volume_number30,0.16787163
2019-09-13,volume_number32,0.08743716
2019-09-13,volume_number39,0.07138615699999999
2019-09-13,volume_number40,0.23267692700000003
2019-09-13,volume_number41,0.7715353159999999
2019-09-13,volume_number43,142.25428185799984
2019-09-14,VVVP_NFS_186VOL01,0.007641449999999999
2019-09-14,VVVP_NFS_186VOL03,0.11700142599999999
2019-09-14,VVVP_NFS_186VOL04,0.025851196
2019-09-14,volume_number03,0.071517216
2019-09-14,volume_number06,0.055574813
2019-09-14,volume_number11,0.170301697
2019-09-14,volume_number12,0.048135737000000005
2019-09-14,volume_number33,0.045012858
2019-09-14,volume_number43,102.68679560000001
2019-09-15,VVVP_NFS_VMVol15,0.057446658
2019-09-15,volume_number12,0.073114919
2019-09-15,volume_number43,133.45195546400006
2019-09-16,volume_number11,0.041063737
2019-09-16,volume_number28,0.049241575
2019-09-16,volume_number34,0.010991516000000002
2019-09-16,volume_number35,0.008207608
2019-09-16,volume_number36,0.098332675
2019-09-16,volume_number39,0.038533607
2019-09-16,volume_number41,0.056022615
2019-09-16,volume_number43,161.18930241399988
2019-09-17,VVVP_NFS_186VOL03,0.004949725
2019-09-17,VVVP_NFS_186VOL04,0.005726582000000001
2019-09-17,VVVP_NFS_VMVol15,0.09469773900000002
2019-09-17,VVVP_NFS_VMVol16,0.012996147999999999
2019-09-17,volume_number03,0.025839142
2019-09-17,volume_number04,0.023416996
2019-09-17,volume_number07,0.018745078
2019-09-17,volume_number17,0.017180476
2019-09-17,volume_number29,0.08094705399999999
2019-09-17,volume_number30,0.125181319
2019-09-17,volume_number33,0.018555026000000002
2019-09-17,volume_number34,0.160646355
2019-09-17,volume_number35,0.129746412
2019-09-17,volume_number36,0.038801569
2019-09-17,volume_number41,0.304977197
2019-09-17,volume_number43,257.39891544300036
2019-09-18,VVVP_BRIC9_VOL01,0.00541687
2019-09-18,VVVP_NFS_186VOL03,0.149095703
2019-09-18,VVVP_NFS_186VOL04,0.010187411
2019-09-18,VVVP_NFS_VMVol16,0.045599577
2019-09-18,volume_number09,0.06258636599999999
2019-09-18,volume_number11,0.05753807900000001
2019-09-18,volume_number13,0.070590011
2019-09-18,volume_number28,0.006948134
2019-09-18,volume_number29,0.016151555
2019-09-18,volume_number30,0.012518273
2019-09-18,volume_number34,0.154917927
2019-09-18,volume_number35,0.30188139599999997
2019-09-18,volume_number36,0.15079036199999998
2019-09-18,volume_number39,0.05781039
2019-09-18,volume_number40,0.047329219000000006
2019-09-18,volume_number41,0.046551768
2019-09-18,volume_number43,278.80467066099965
2019-09-19,VVVP_NFS_186VOL03,0.12268663700000002
2019-09-19,VVVP_NFS_186VOL04,0.208055764
2019-09-19,volume_number17,0.084035685
2019-09-19,volume_number29,0.09606675000000002
2019-09-19,volume_number30,0.014088962
2019-09-19,volume_number32,0.045701858
2019-09-19,volume_number33,0.009788233
2019-09-19,volume_number35,0.053520148000000003
2019-09-19,volume_number39,0.047440988
2019-09-19,volume_number40,0.23737324
2019-09-19,volume_number41,0.059721638
2019-09-19,volume_number43,258.46728324199967
2019-09-20,volume_number29,0.029982685
2019-09-20,volume_number30,0.19558131299999998
2019-09-20,volume_number33,0.010861343999999998
2019-09-20,volume_number36,0.034862204
2019-09-20,volume_number39,0.009228457
2019-09-20,volume_number40,0.01491285
2019-09-20,volume_number41,0.171635288
2019-09-20,volume_number43,74.90834021200003
2019-09-21,volume_number17,0.054985171
2019-09-21,volume_number36,0.020712998
2019-09-21,volume_number40,0.13168971599999998
2019-09-21,volume_number41,0.036244379
2019-09-21,volume_number43,65.01586329300008
2019-09-22,volume_number17,0.053142373
2019-09-22,volume_number39,0.05310198
2019-09-22,volume_number43,91.302197302
2019-09-23,VVVP_NFS_186VOL01,0.019575543
2019-09-23,VVVP_NFS_186VOL03,0.03227795
2019-09-23,volume_number04,0.212778102
2019-09-23,volume_number09,0.055029347
2019-09-23,volume_number11,0.506728731
2019-09-23,volume_number12,0.382149287
2019-09-23,volume_number31,0.086236457
2019-09-23,volume_number34,0.128015398
2019-09-23,volume_number41,0.06488087199999999
2019-09-23,volume_number43,140.69084608199992
2019-09-23,volume_number45,45.898233558
2019-09-24,volume_number17,0.03192795
2019-09-24,volume_number28,0.06148188
2019-09-24,volume_number39,0.024024002000000003
2019-09-24,volume_number41,0.462588459
2019-09-24,volume_number43,3.0722585699999994
2019-09-24,volume_number45,289.3716492657988
2019-09-25,VVVP_NFS_186VOL01,0.013464169
2019-09-25,volume_number17,0.026470984
2019-09-25,volume_number31,0.152325007
2019-09-25,volume_number33,0.18462696
2019-09-25,volume_number39,0.059479372
2019-09-25,volume_number40,0.054599747
2019-09-25,volume_number43,0.406264171
2019-09-25,volume_number45,273.0927524839992
2019-09-26,VVVP_BRIC9_VOL01,0.015392412
2019-09-26,VVVP_NFS_186VOL03,0.011049715
2019-09-26,VVVP_NFS_186VOL04,0.021007136000000003
2019-09-26,VVVP_NFS_VMVol15,0.240353528
2019-09-26,VVVP_NFS_VMVol16,0.30972337299999997
2019-09-26,volume_number03,0.128781834
2019-09-26,volume_number04,0.10607543100000001
2019-09-26,volume_number11,0.07278942099999999
2019-09-26,volume_number13,0.12975805199999998
2019-09-26,volume_number17,0.111786743
2019-09-26,volume_number28,0.15108103199999998
2019-09-26,volume_number29,0.090824822
2019-09-26,volume_number31,0.280791158
2019-09-26,volume_number32,0.38764817100000004
2019-09-26,volume_number33,0.16852252199999998
2019-09-26,volume_number35,0.03569018
2019-09-26,volume_number36,0.139520945
2019-09-26,volume_number39,0.016539964
2019-09-26,volume_number41,0.148493732
2019-09-26,volume_number43,0.133667249
2019-09-26,volume_number45,357.6518533384009
2019-09-27,VVVP_NFS_186VOL01,0.234806854
2019-09-27,VVVP_NFS_186VOL04,0.08815918699999999
2019-09-27,VVVP_NFS_VMVol16,0.011015468
2019-09-27,volume_number03,0.079654503
2019-09-27,volume_number35,0.0299907
2019-09-27,volume_number40,0.014876213
2019-09-27,volume_number43,0.669952975
2019-09-27,volume_number45,349.67105297736566
2019-09-28,volume_number13,0.072574438
2019-09-28,volume_number45,246.94343657904415
2019-09-29,VVVP_BRIC9_VOL01,0.023443834
2019-09-29,VVVP_NFS_186VOL04,0.07183228400000001
2019-09-29,volume_number03,0.020756955
2019-09-29,volume_number28,0.050556598
2019-09-29,volume_number30,0.115710817
2019-09-29,volume_number43,0.044115433
2019-09-29,volume_number45,210.8749802213998
2019-09-30,VVVP_BRIC9_VOL01,0.041300472000000005
2019-09-30,VVVP_NFS_186VOL03,0.034572974
2019-09-30,volume_number11,0.16276582299999998
2019-09-30,volume_number31,0.028303556
2019-09-30,volume_number35,0.010644419
2019-09-30,volume_number39,0.015440262
2019-09-30,volume_number45,331.29843915044347
2019-10-01,VVVP_NFS_186VOL01,0.036282384
2019-10-01,VVVP_NFS_186VOL03,0.050474002
2019-10-01,volume_number03,0.005224844
2019-10-01,volume_number31,0.074618339
2019-10-01,volume_number35,0.014741518
2019-10-01,volume_number43,0.009388021
2019-10-01,volume_number45,325.89495197709937
2019-10-02,VVVP_NFS_186VOL03,0.164121278
2019-10-02,volume_number45,293.56330098410115
2019-10-03,volume_number11,0.064505678
2019-10-03,volume_number17,0.009424824
2019-10-03,volume_number39,0.01808587
2019-10-03,volume_number40,0.030771471
2019-10-03,volume_number41,0.07693389099999999
2019-10-03,volume_number45,194.1057736182998
2019-10-03,volume_number46,41.96482005600003
2019-10-04,VVVP_NFS_186VOL01,0.001960898
2019-10-04,volume_number30,0.155390371
2019-10-04,volume_number40,0.37713059699999996
2019-10-04,volume_number41,0.009037768
2019-10-04,volume_number43,0.02910507
2019-10-04,volume_number45,16.409550144000004
2019-10-04,volume_number46,137.31851836599986
2019-10-05,volume_number13,0.024343477
2019-10-05,volume_number29,0.061160708
2019-10-05,volume_number34,0.055521219
2019-10-05,volume_number43,0.09726786500000001
2019-10-05,volume_number45,0.900558801
2019-10-05,volume_number46,244.4461582249994
2019-10-06,VVVP_NFS_186VOL04,0.197124745
2019-10-06,volume_number33,0.078561478
2019-10-06,volume_number34,0.190554075
2019-10-06,volume_number43,0.075505881
2019-10-06,volume_number45,0.18105682699999998
2019-10-06,volume_number46,119.49679074599997
2019-10-07,VVVP_NFS_186VOL03,0.160770618
2019-10-07,VVVP_NFS_186VOL04,0.04348741
2019-10-07,volume_number12,0.08152936
2019-10-07,volume_number32,0.115809289
2019-10-07,volume_number36,0.27027863
2019-10-07,volume_number43,0.010563219
2019-10-07,volume_number45,0.309312903
2019-10-07,volume_number46,194.95568902900004
2019-10-08,VVVP_NFS_186VOL01,0.0055734719999999995
2019-10-08,VVVP_NFS_VMVol15,0.121456057
2019-10-08,volume_number03,0.039601385
2019-10-08,volume_number29,0.061002598
2019-10-08,volume_number33,0.040507487
2019-10-08,volume_number34,0.011205645
2019-10-08,volume_number35,0.019003641999999998
2019-10-08,volume_number45,0.7186221979999999
2019-10-08,volume_number46,150.07663488984468
2019-10-09,VVVP_BRIC9_VOL01,0.008311614
2019-10-09,VVVP_NFS_186VOL03,0.069570132
2019-10-09,VVVP_NFS_186VOL04,0.026516278
2019-10-09,VVVP_NFS_VMVol16,0.106593782
2019-10-09,volume_number03,0.051067481
2019-10-09,volume_number04,0.066514638
2019-10-09,volume_number09,0.02661701
2019-10-09,volume_number11,0.010613164
2019-10-09,volume_number17,0.08091929800000001
2019-10-09,volume_number31,0.076754067
2019-10-09,volume_number33,0.200780044
2019-10-09,volume_number39,0.053358461
2019-10-09,volume_number41,0.983231829
2019-10-09,volume_number43,0.088632757
2019-10-09,volume_number45,0.037010564
2019-10-09,volume_number46,82.25693956174504
2019-10-10,VVVP_NFS_VMVol15,0.060247892
2019-10-10,volume_number13,0.14636088400000002
2019-10-10,volume_number17,0.046057085000000005
2019-10-10,volume_number36,0.10785239499999999
2019-10-10,volume_number39,0.038928323
2019-10-10,volume_number43,0.073572397
2019-10-10,volume_number45,0.1793540037638
2019-10-10,volume_number46,180.04527265448644
2019-10-11,volume_number11,0.018370172
2019-10-11,volume_number43,0.019552587
2019-10-11,volume_number46,225.73537840231367
2019-10-12,volume_number13,0.030988585
2019-10-12,volume_number17,0.035311574
2019-10-12,volume_number33,0.104535223
2019-10-12,volume_number36,0.043129109000000006
2019-10-12,volume_number43,0.070118215
2019-10-12,volume_number45,0.31203501899999997
2019-10-12,volume_number46,99.6180770179011
2019-10-13,volume_number17,0.016803144
2019-10-13,volume_number33,0.09640542
2019-10-13,volume_number34,0.010718858
2019-10-13,volume_number43,0.041208498999999996
2019-10-13,volume_number45,0.07285950199999999
2019-10-13,volume_number46,109.72339590500006
2019-10-14,volume_number17,0.059537046
2019-10-14,volume_number34,0.037845352
2019-10-14,volume_number36,0.16513936299999998
2019-10-14,volume_number43,0.050735589000000005
2019-10-14,volume_number45,0.149074269
2019-10-14,volume_number46,174.9665186779933
2019-10-15,volume_number17,0.060324591
2019-10-15,volume_number41,0.282431428
2019-10-15,volume_number43,0.128941113
2019-10-15,volume_number45,0.06221903200000001
2019-10-15,volume_number46,104.69852473299989
2019-10-16,volume_number17,0.025602251
2019-10-16,volume_number41,0.12561119799999998
2019-10-16,volume_number45,0.266731797
2019-10-16,volume_number46,1.8227500670000003
2019-10-17,volume_number17,0.18822449
2019-10-17,volume_number33,0.017295026
2019-10-17,volume_number34,0.123132781
2019-10-17,volume_number36,0.106674692
2019-10-17,volume_number39,0.157402554
2019-10-17,volume_number40,0.004904531
2019-10-17,volume_number45,0.09289012499999999
2019-10-17,volume_number46,0.5302305709999999
2019-10-18,volume_number17,0.096189002
2019-10-18,volume_number36,0.058237245
2019-10-18,volume_number39,0.108733363
2019-10-18,volume_number46,0.039420151
2019-10-19,volume_number41,0.173378678
2019-10-19,volume_number43,0.027817114
2019-10-19,volume_number46,0.358173195
